peptide,is_tmh
IYNCIKNGNQGIIQTCWKGIIMQRYVDLK,FALSE
DKKMWQIVEGSRYGASYDRFMLTLSGDQK,FALSE
AMNDMWLLFLDCAPFVWWFEQVSGQLRMI,FALSE
TDSCFVICYMNCYVGHIGHAFSMILVIVA,FALSE
PPANPMHYSKDKESRAIEDQSRCKGEVQQ,FALSE
HYTGLCELDYYISNCGMRARMKRCECASC,FALSE
DIVIQQYFDDYDDWFRMNSHKPSQGSGYK,FALSE
VQFWMYPAHFNAWLASADGNENGDIVTHP,FALSE
KQGKMYCVVTLWRNHRYYEIWFWLWNCIY,FALSE
IEACHQVQTYAASMFERLMSHPIIIFWRD,FALSE
ILNSVVGQKQQCHRDALVMYEFRQALPPA,FALSE
NQGPFQLREKAFHTMCVEWFFISTCYQLP,FALSE
WSGVQERGLTPEPFYVDSYLPRRKDWFEG,FALSE
TLNMQFCYCNERHMFSTKDPRYNLGVCQN,FALSE
KPNDEQGRDHFAIQSYFISDFSASAERRF,FALSE
WRQYGRLSMTHIENVKNFKMMKYTVWTIY,FALSE
TQKPKDINPTNGTGTRYFIQCRHPKQPSQ,FALSE
NRCLIRQGLAFACVTPKKKAMWTSEEKRV,FALSE
YWCSIHVMRMKYFWKDCFARETWLETGER,FALSE
HTYGLDVHQANLSEMYMSYDGNYPPKGDL,FALSE
FTFNEMYQFRQGRAAYLWYMGHQERGDSW,FALSE
CFQDGSFQCGFPDCKQARRKWQCNISMTG,FALSE
AETSVQFFTKFIRGAHENKLYRGHCWYMA,FALSE
TDVFYANPRLGLIASDEPIQTARISGPSQ,FALSE
PVNHVCGPQHCMLEKCKGFPPEQGHIFHG,FALSE
IYFASRMDPIDGRMGGKWIKTESDCHFYW,FALSE
WHKGDNPQMEYTENEQYFDMMCSIRESKC,FALSE
MRMETHCHCTASWPNEISVQHVATTQPQL,FALSE
VWMRERQPDIWCTWIENKGFEEPEQFYFD,FALSE
NITCTHPEAVMEAWDTFNKWKDQVWKWNW,FALSE
GSGAAWWMGFAQKVLYMFWFPTVMDPQKM,TRUE
WAPVEDEWKCIGGYHHMNVWMVAYQAVKP,FALSE
QTLFCLEPPHWASLCGNINYDLFEGYNLR,FALSE
TSVGTCLGWAPFWLVDNPMHGFWRKGPLR,FALSE
KENRSDHEFFWDASDQSHADNDQGNCKCS,FALSE
LVEGPYNAWVHCFRMIGCACDVHVIWLWL,FALSE
MCNDHIWGNWMYTKACARTRVWYEHRANG,FALSE
AGWHLGMDICSWMTHFGSRSEQVWSFVLL,FALSE
CAYQDWGQACGVWALKYFKFDFPHWDKEN,FALSE
AFWMIEFGIMLKDCYSTKQSGIEGWTPIS,FALSE
SPFPISARRMFRTVYRMIPAICDGCEVDI,FALSE
QSSACDQHLDWVWCKRHWPCINKQVSNRN,FALSE
YDPVHTYTHFHYFIAVCIPAYQRCHCMNP,FALSE
ITMRVIKRNSLGVSMKTWMKSWMEWQVVY,FALSE
MDHTMKWHLYHIVEWRQSSKWELVTQQST,FALSE
IGWMRDYAYETHYSCMGADMEEASCLRVL,FALSE
RMLVRKARQWSIKCFELKGSVKWPALTAI,FALSE
GIRDDFISSARPLFINAYRMLKRPGCWLC,FALSE
WRIADEYLYIWKMPHGATWKYAFQSDAGG,FALSE
DEMGDFLVVFAWSIFKVIPNLSVGIKTTF,FALSE
LVVCLMSEVPNFMVIKFPWTVGENCFLEM,FALSE
LLVKEKMPPGGRGKWIWMQQADSLSCTIW,FALSE
DLSATRWPSNNEIKPKMCSQYWWAFEMTQ,FALSE
YHHCVMDGDTMEKIPQCVENITRHNTWTW,FALSE
SKCLKCECVKTMHMILFMSNFVTNNPKGK,FALSE
QMRCDNWVYDCPYEQIHPSGKHVTSQWAN,FALSE
RPWSQDGKCVFHHRVCQSYYYKWVQSHQH,FALSE
RNGEPTGETQHPQCQFWAHCMTRQQRDVD,FALSE
HRGMMGGRFRRIFIIVLKDNFPWSWSALS,FALSE
RMYMCNMFNNWMIQPPCVHGDKHARQKKE,FALSE
PESHIRMHLEIPEMAYTQLRSYPSQPIEM,FALSE
KEPMFDGCFNVMMKGIPNTENSVMGDWHW,FALSE
HSYHEWADPCKADWYAILNITCLCHNDAA,FALSE
PLSNAECSILLDLHEWDEDWQMYFRKHDS,FALSE
ALFNQGTHGIYDYMILVSFNSGTKAKCKK,FALSE
WFSAIGCEKGGGDFQCWYELNVMWEHQMI,FALSE
MIQHPMNEKIYRPLFGLGGCDGEFDHILN,FALSE
NWHLIIEPWVQVKVAFHATRKKQRMMGNM,FALSE
CHPYHVDGPFYEVLSYFTLHQCELDVRYP,FALSE
FDNIKDEAEADNNHPTHHSAVKNWSEASC,FALSE
CQIAEEDGEMMENMCYLKNIFRHSIAKPH,FALSE
PWAAADANCSQIAGHGQGFYLGTECDDEH,FALSE
HIEDWVQENEPCIFMPHNLCNSPLAAHMK,FALSE
GWEMMMKGRQGAGYYHWGFDWCRMDPYIH,FALSE
DMWVGLMIYGMYDVYDIKWQMLTRMGPTA,FALSE
CWNHGQDMLLKTDTTDYRICDGIICVNLL,FALSE
TSNDGQDTPEDMESKYANTNNYCYSDNDC,FALSE
MSLKHNVGVFNIITNFKQSGIRAIAKQIV,FALSE
MTDVLQPHKRYHGWELVRGDYRISCLTWR,FALSE
MVAGWTDLYQEKIHFDDDESFFPKTTFAV,FALSE
AFFLFWLNVDGPPNSTDSDINMEEDWRRI,FALSE
TCPIQMIDQLTLSTPYKYPGRGCTHVDNL,FALSE
VANMWENKSDSVLMGICQIQGGNMFLCWV,FALSE
YLFYCPYGLENRWVGTRNYNPPSSDGCHD,FALSE
PGILRVAGSRLIFLTARQDNLTKLCNRWE,FALSE
YCLGIRPQVLEVGTHHEKVGNNYIQHVMF,FALSE
YNGLHEYQCIVSNVFKHVTLFLNVLRFIH,FALSE
MDTPHGTYETQMFFRCCINFGLWAPTTKV,FALSE
EVAKYLRPQSQWNFVWFVIRDGKGINFCK,FALSE
DPYPWRMQTTDNLQHWVAGIIESNQEGFT,FALSE
CLKPCGVLALPEQYREWKSQAGASPGNDT,FALSE
WDFSVMHRAPGNHCPCPLSIEQSFVQESM,FALSE
HLVSCGKWTDNERNSKSIYDSEQETSILH,FALSE
DAPWLVDVYGRMMENLEWCHVGLWMHPYY,FALSE
RHTIEYRFSCSQTYIYILDMYFNPLPQQQ,FALSE
FTDQLDMKFNQVRWDIMAGRWHDCYKYKL,FALSE
GPGELDNRYYDIRNNLWVPIARREANMVA,FALSE
VQYHFCGYCLPNHTMAGMHWFGHYYTVLR,FALSE
VPPLSHVCGNIYTSMGMQKHCARYDNCSN,FALSE
SMMMDQQCPQEMCPIVKIGMESSESKVTW,FALSE
KFHVFGMRVEDKQNGPFSIRWFVCMLFEP,FALSE
FVEQKQLIATQFPCKSPAHNEEYPFRTET,FALSE
WLQEKAPNCSPSGYGHNIHGCGRCTIRCI,FALSE
SSFSCHEGARMFTFMMAGAMWCNEMLYLI,FALSE
DSKRRVEPAPLASRPGLFGASSSKDHSKC,FALSE
NCSNHEPPDQNNAAQVPYMFGVALKWLHW,FALSE
RGECASPVVMLRKPARNILVHTWPQFGFY,FALSE
DSDMAWWDLDDQTYRVYGSKNEPCQIEPK,FALSE
WPPYQLSKCAIHPPIHGVTWKCPFHHGDK,FALSE
TIGTMTSCQQWMMKLGFWSQVVDKDTNGV,FALSE
SFIHSRYACEVSVGNDSASNQGMHHHYYH,FALSE
QGSHLHCDKRYLDQRRFTKHLFITRIPDD,FALSE
CFTMQVVFVSGFRLQHYPECPEAKLHWLP,FALSE
YWYCFRVCEKMYWEIVSKHCYTSQYRFQC,FALSE
SFEETYPDASHMSDDRCQPRPFIKQRRYM,FALSE
GDCEIGIIHKWICYEPLAVNANMMVHCMA,FALSE
SANVDWEVMYPDTMDCWDHISRRAGPPIQ,FALSE
CLICTIITVRHIDYFFRKQYYALPAELEQ,FALSE
WKYPMMDCGYVNFANLEEIQQMIGKMKWF,FALSE
MLPMHLHDPTMWTAMEFIVTMMDNYKYFW,FALSE
DLSVPDYMQHHHQNWICEGCTQQCHNRIG,FALSE
FHPPSIVETAIPEYRIVMESYPMWIWWYQ,FALSE
ERQVEMNSPLNKIYRKWPLTYFQGRNGDE,FALSE
RLRMASFLLVEWNMLIRHWAWWIECVGQE,FALSE
YGFPAQGEANCEVAEMMSEGLHMSVVEQF,FALSE
PGQPTDAFWVHFPCPNIITNMCNHGYGMG,FALSE
KKERYRSMNLMVADRFCKCQWMFRVPKVS,FALSE
ALMHQHPCTELPRVRRHIGAPVYNYRPYP,FALSE
WEVIVIPPHHLQYYKNFRRFCTMVEARPD,FALSE
SRIRHMKKAMIWNWMSTREKCEQCCSWDF,FALSE
RPRFPQTLDHGSEIMPTVVCKFTDRPATE,FALSE
KQSMTPWLKLQMRFKCDMMQYDQLLKDLS,FALSE
HTFDTWDQLNDRQLQTLEKGTAAWQQFRG,FALSE
ECKKLLLQFKTWDFGGRTRAEPTPMFGTP,FALSE
YHTYDWNIHLFCTKWHWTHGNCSATSCGK,FALSE
CVNFTPRQDAMMYVSFTLRDRIIMMIWTW,FALSE
ICFFTFHRLMRFLYYDCSFCHRYWNTLMV,FALSE
DQRFEYCVAIDLLAKNTVDFMKEGHSPGC,FALSE
QETAEGVHGSVEAWPRAENPYQGIIKFNY,FALSE
MQHLEWTNMHMSHTRSCWEYWPAWVVNIM,FALSE
TFIKDMPSSRWSYCLMEPNLLEGGVDFNA,FALSE
KVAGKYFHPEKFGGWKWCPWHTYRMSQKS,FALSE
RVTVHNYFDVEHKRAYPGRNYGRDCRWYH,FALSE
RHRELGRFSMRTASRCYYDLFHNPDLNPW,FALSE
NSQIFRTSLCAEVHDARGILGAPKTKCKA,FALSE
DFCMICLAPEKAMKMEGTLIQDGQNHNMP,FALSE
TSDFGIMGTPPWVCLPQQENIEYDMYCGG,FALSE
NTKFERLNADPYTQASQVPGQGQMRDHVL,FALSE
HLEHSPYAWDTYVTMEWTNQRDMMKGEGT,FALSE
DNFFQCVQQTRRWDSFQHLGDNQVTYAVY,FALSE
WALRPMKPMHFMQPQQGFGAQIFLKMWYD,FALSE
IPFSHYLGQSCEVMGARNQKGQYKSSGRV,FALSE
YYWRYERIESRGSICDDPLVIQCYNEIRC,FALSE
DPTQQYEGMMSYKNGNEKTIELVGNWEYH,FALSE
FMRIHWDNHTKWYPLTAFERLGMVVQSHE,FALSE
QRAGMLFDGKPSIQHINLHLVDKASMYNV,FALSE
CKPPTFNVFWAHACQQWYLVTWRESFWDW,FALSE
WFEFFDQSNMNNFDARWADTIYYKMADPG,FALSE
YSKRYHGVHNIHGSQVELVSWDPYRDTGK,FALSE
GFVLYQMEAAHVWQAENLDMPQDHIHLDS,FALSE
IFHTDMQQMHNQWWDQFQFLYEFYKIMCM,FALSE
RPDTIMYHGTYTINWNVYSCNWNYIGLKL,FALSE
SLYFEDRSQCTWYYITDSANKAGFCNGMM,FALSE
NSHQNTVPPDFVICFPPLPADPCSHGQMH,FALSE
CGEEHCIRFVDLRNINLGWECCSVNNTVM,FALSE
KLPFDFRMMQAMDEQWQLGMSENMGVRAV,FALSE
IDCRKHPETSKFCPVLHIMQKRWRVNNQH,FALSE
TPQVIELEWYGAPLWFFRINMDAGITCWT,FALSE
GACKTVIYGNRPSPYRAMAFVHEVEHHDT,FALSE
MWSMEQGHFDNDWQMMGPFAFNIGMPGKH,FALSE
YADHYAVYQCTIRNTLCWPDLWYGTCTGW,FALSE
QDYLVFERIAQGHLSVGVSKLQTLPILFA,FALSE
PLPIIAPSNLTPLPLIKFKFIPQAVVIYS,FALSE
NMPSHVQCPCYGETWMGSYIIASWPQNAN,FALSE
WYPTYYMRDDRIPQRGHCKVEKDTNRLGE,FALSE
AMIGWHHNRFMLFKCKFHGETSIGDNCKL,FALSE
DSMKQVHWDYGYMTEEFQNIAIKVVQVPC,FALSE
WVTTGPANNTTKTAMHSENRPQTNVFLGP,FALSE
GCKAPYGKFKKKQRSFLEYQKRWKTHNTW,FALSE
VKHCMAFYCVFGDYWVNPRPNRHQAYHMY,FALSE
NKMKWKKWIELKRTKPYHYPPPKKRALSD,FALSE
DIIYFMRCYLWWAHWTRREQFQFGFKKLQ,FALSE
HDKDIQLQWAQIIEQHYCEIGYGATCSMV,FALSE
RKDAAPLKGLESLVDIAGQKKFVAWWSNC,FALSE
ALEYHVKMIDGANGLTSYPSSGTLAPDTM,FALSE
MRVSPHAMLTHPPFKSCVHVAVHCHWYKP,FALSE
GGMARHCWGNMPHQNLAFGEYQFRRIERA,FALSE
LYHGQHEYVYYGRNGTYCHTTRRQWVHAT,FALSE
NTQTDAIPEIIVLFSLCHLFVAMMYCDVP,TRUE
NDYNADCNGFDNPLCLEYKNCHCRAATFV,FALSE
MCLVTRWNEQEVVIKHNYMEPKTNAKKSI,FALSE
GKWAISIWSAADSSQGVRICERYWVIVKD,FALSE
GYIVNCCDFNAQWQEEFIDYYFESLHVHG,FALSE
IDLKLVGDFVHVGSAVSNYAKVPPQETLY,FALSE
ENFNLYGWTIAQPDRYFIDYTWQDLGQFY,FALSE
EATNTGETFMKSVMVWMYWVFFAFPMIYN,TRUE
RHARGWVNFHMHDTLFYQFRPELFQHELG,FALSE
MQTNVREEGTAPEGPATPKVKLMCASGSG,FALSE
HDNEHWPWPCPNGNHACARGHMFWWEPQG,FALSE
GFKNNANANWSDWTCNPNVCPESQICRQI,FALSE
EWPGERYEYTGTHANDRTPEQRWWTTDGH,FALSE
NNDRSTCVIDAQLSKTMSSNMAWCRRHMQ,FALSE
KQSSTTFKAYDTGDARSFDERPLSNDFPR,FALSE
PFNNYGEWKFTHAGIHIIWGGQKIRFENY,FALSE
YSCRDKRHLIPEPHVIIVWPLLHFYNRCG,FALSE
SLVDLSKKCIQLQDRMWQSDINWEHWPPE,FALSE
SDEHKDVVKGRTIGRKYVQVDLTYDPSCG,FALSE
SVCILVRIGVVSNTWDKMVDVHYNHTTGA,FALSE
LLRSETRCKMHIRSAHASLNETARCKTTM,FALSE
HQGYSAKIHMTYPGFTKGYEAKEAWQEAC,FALSE
IGRSMVRNLKHPCRWVRNQYYQWFLKMGL,FALSE
WIVKPQKCRHCVMPMSWEVEENPIEWWGY,FALSE
VFRDRPHSVDPDLHGYHQDSHTSCMMAQD,FALSE
ECYPRDEQNPGWIGEFVRGETKVEYPDRV,FALSE
PAAREECKQKISLPRTHNGYCIKNVQFGF,FALSE
AHNIYLTNTHSGHYMGMMCMSKLYVMLRS,FALSE
CKNHMIQVQPWDRKMYTYKKEKDINCADA,FALSE
WDLGQEFQHMLSVTADTRGAACYACAFHV,FALSE
GEGEYRRLQEDRIYMWSMEEQVMCLGWEC,FALSE
VHTPESNLTQVVLITLQKWFWAWRPIRPC,FALSE
NQSWMSTAPLFQSYSYLDNKIAINKPDKV,FALSE
AYGIPNSTQVCRSEWTYQCRNRSLIMMDN,FALSE
GRPHTSAEAGMNRTARGWHALWHAKALLD,FALSE
GRRCHCSPVMCLPEHSFNCFFVPLARTSM,FALSE
SWPVLDCGNPPVHSVTTFDCVWDNPACWW,FALSE
ATYHDKIDCIYSMRWFDMTGHMITQWAGD,FALSE
ATTGTTVHCTRTGCHCFHIAINRFIPELA,FALSE
GHRKQQSGKDRMLSIGTCFFCNYWLTFNF,TRUE
WMMALNIHINMLCIPATVTMLPYCQQKGG,FALSE
FWESAIMVCSWQHSYVVNKMRFCGVLGVF,FALSE
WGGLAHLEEYDNMMAFVSNEWQFETRFTR,FALSE
QCRDITLSTCAKMYKHEECCKMCCQNRNC,FALSE
CVKKRSVGPELHVFYKLFETWMCYFSPQM,FALSE
QQEEVQNFQRGYGAAEDDPCVATRFINHF,FALSE
GGCWELISIDEIETSCRQTFRLDNTRVFE,FALSE
QHNGFPKPTVWYMLMNCHRRQVCLRYKYA,FALSE
QQKVADWQTANATCFSTYVHDTTMGGLLH,FALSE
KHWTILNCILGLAKDSFQMSHCFWDGNHG,FALSE
IMFVMACVVHPICCPKGQLPTMVTDSNSH,FALSE
QMNFMQCNINVTTSKSCTIWMPRWHMQAM,FALSE
YTDLIDHGLWGLAPARTDHYICFAYCNNH,FALSE
LCKENCNHTAPSDHMMFTETRFALVTHFY,FALSE
LRFGECSVYANWRHAKYGMSDAIHTDKIE,FALSE
KQLKARQRKNEHNMKCGRLFGIHAWDFLD,FALSE
STEAWYSDRAWGWCFASVTHTNWNPYDPH,FALSE
WDKPSNLCMLNIEYNKHTTEDKSMGFCNQ,FALSE
DSISHTTQKWAKCWMRNACPYAMALYARY,FALSE
NRWRLPHRICFETLWAQKGCGIVWTTSPQ,FALSE
WAHVVCGSEGPGYREGYHLEAKPREHKMD,FALSE
FRNAQQYPMPDCDTDITKLKSEEMWTKPG,FALSE
YGEVKPEMSELGGCVVSAGFKVLFCTGIR,FALSE
TGYQAAETSRKNMWRGSLCVMHANHHMEV,FALSE
DQRFYDHRFRKCFMGNKHRYIIYTATYEN,FALSE
FITPFGPWAMEIECIRFMTSDNFRWVNIP,FALSE
GGDRHGAVHSETYLWHYTAFDGIWLKWRW,FALSE
KCDTDGYKPGSNSYWYRMEAQNQLWTHHT,FALSE
PQEEWAFFDCWKGRVDVNYQHIDCPRTLR,FALSE
KMRLSMSFFPAQQEICQTYGMDMQEDIEN,FALSE
DQCRFVHRYWEEHKGFYENGSMQEIHFKP,FALSE
MLVNFWNMWWWLCGLAMMICPCSFHDVPD,FALSE
AEIVYANGQVIIFDAYYNFGFCIVSYFWL,FALSE
TKTAAYPWIWYMATRPHDRDPNCRSWMKR,FALSE
KCVKHNYSHKPVIARQPVIKFEWPEIACM,FALSE
AMIWYYHEGDRFIVTPQEIRVNPQRSHNM,FALSE
CCKYNTDTMWCKHGTKWLPTMRMPMDPNW,FALSE
MYAWTDCDSYSSGIAWTAWRFEWILPIDL,FALSE
EGRIWPVTPVMEEREMDCKFAQRDVGANM,FALSE
PTRKNGFHCTTGNHKENENCGMNVEDACQ,FALSE
EQQHYKMCFNISGINQSSAGYEKKKFMRQ,FALSE
YVRQERWAWFYHVTFPYFNPANDIPQPTR,FALSE
KQHGDCQASNAAQIWVIMFATKLMHHMTR,FALSE
CHDFAPRNDEVTEFSHGFFCQNQMKNRGH,FALSE
TATEYAENTTINLVSSVWQFHHDYEEEKW,FALSE
HMNASEREIMCYYKCPCFLENTKWAEAMV,FALSE
WSYGKMREHGSNMARIQGFYPGDHATCLE,FALSE
VDIPIFYANYAGADSPHIFGFTNWETCGR,FALSE
ECVQENHFQVNLPWNEDWVKCYADYKCQI,FALSE
QTMMSGHYLHVTPWTVNTQISYAKIVNKE,FALSE
QKANVKGGDEKVVEKCFHHPHNPYNSMSK,FALSE
WAIEACYTCIDAPPLILMLGFANNQSIGA,FALSE
IWAGVVQIRKKQGCERWNSNEMHGDPHHQ,FALSE
AVVRKAVHKNMNAGQDSHIGEFCRPNPYD,FALSE
YLEAVMCRLPGDEVQVTYPQNLNRVPRWW,FALSE
WSNNWEHKTCYLSWTCIAYGQHLMDRGEY,FALSE
TEDTQFCHWHDRDVKHEMPKRINMGFLWN,FALSE
MQGWWMRLLEAAAIMGPKSDRPSFMDQMM,FALSE
RVAPSTWGDFEKQRNWTMIWGNYPRNHQH,FALSE
WCGPINTWMNSPRSIEKFLYTGGCCCHNW,FALSE
EDRLVMTRRRDKLNVYQGIQCGTTKFIIY,FALSE
KDCIPPEFIFKCPCFYDTKSLVRAWAWRV,FALSE
SYPGLRRWWHCWHWAGDHISVGREMSVKI,FALSE
THKKAYTLNVGEFGDDSSGYTQGVHRIYM,FALSE
ETYSRYRPKGKACGFDIQPYSRRSSIDFY,FALSE
FITHNNWDRNETHGSWVKIPPNGLGYDWI,FALSE
CPHHTFQPSTFIIGHSWCRKCEIADEIHF,FALSE
ECSAYAVCCCGHQIHAEARNTEPIECNGR,FALSE
QITRATHHNCWFNQDHWNFMMQVLVEWWD,FALSE
AYLAHQIIMAGIDPELFASLNNKHVQTAC,FALSE
GQYRTILRIMMPPPGWDTQHICDTISIWM,FALSE
TTMCETNMNINPPWWTEQGHQMDKQNDCW,FALSE
PPDQMAQENHERLKRDMGFFKKWYLGRKN,FALSE
EWCVSIKQACNLFFTDRDGFYFNPFSQLM,FALSE
VKFTYMGEHQCTEQYKEHIGDYAPQTKLN,FALSE
ILWSIQENCCNCVDMKNQCAWTQAAEATR,FALSE
NCWRPYEGHELICVWKMTETYGMSTNEDQ,FALSE
RSGLHGPHGWKEKFQFAVYSSFFEWSCWY,FALSE
NRCWMCRWVHVTVLHRQSTLHKFLFQMQE,FALSE
VMCIMHLIDIMWPIIKDAHYQCQWPIPYM,FALSE
ATWPPNEPVLMRWLLFNNKRCGNKTLGQK,FALSE
TIKPPHCGDWGRYWLVPPQHWAWPRDTHV,FALSE
IVHWAKMELPVYPVGCEIMYSCTGMETVS,FALSE
EERLFKEIGVRYRRDVEQRCVVQNTFHHN,FALSE
CAMNFHAAGQYYCPADQVWTTVEDQMGLL,FALSE
IFDENAPDGGASHHCHTTLWGKTMVKDAM,FALSE
MFLANWTPHMAQWMWWDAPRNIDIQDIKC,FALSE
WCPWVVQSRVVSFAYVSVIVEIDVLGGRE,FALSE
KLLMQSFFGFKTRECECCYMVWARVLDEA,FALSE
YPTKVMCGICERTTKVSEINQMSMDHNLQ,FALSE
KKIRIMAPVAGKHNHSAMCWKPQQTGPSA,FALSE
RDQQIPKATTYAWAVLYMENLDNCPMLAG,FALSE
YKEKMSRPWSINKAYMESSVMQRYYCGTD,FALSE
NPLRQEHEASKCWFHRIPMSYLKAKAPHN,FALSE
WEMVEMSVCDEYEFNKHAWKAHRCSDVSW,FALSE
ILCYRNMEFNWRSTPKCCMNCFVLIRLRV,FALSE
WIFWENDTWKNWLDWTQNIGKQHHHSQRR,FALSE
FSSRYKHAFTYEMKIPSCWMEICRPDMKA,FALSE
DPFEFIPSGMWYLGGCAWMIPTNHNDFTC,FALSE
NPAGAWDWSAMQECVGHMYLITWMGTHFY,FALSE
NYENWQAMMNGVRMVQLDGKMDMYWRCPM,FALSE
NHQAWHEIWLLAPPIMNMTIVHNGFYILL,FALSE
KTNVIGAWIHKLKKMYYGKRSIFCNHRGY,FALSE
VHTRYELLYGSNKCTTQVMWDHAPRMYDP,FALSE
NNNERQCAGQTADGARSHCERIMVRKNMD,FALSE
IDNKEGSPELFHWSQTKHTSEDQHMQCNM,FALSE
PMLVTGFNTPIMSTRHWCFCTSEDGKDTK,FALSE
AFFCRLAGACAYLNPKIHYNPFRCGPTHR,FALSE
EFEPPYQEWASHDPSDFHCCPFIINTGQN,FALSE
WELTQQRQRIDQKIHFKFTKEYKQTQKWA,FALSE
MFRGNNIIQTMRYIPATYPERLKEFTKLK,FALSE
HWRRMYNSITRHPGHIRCSPYECRQVGIW,FALSE
TPFPEEPQWKDYGTEHVVWNTYAEQNCCS,FALSE
DECKESKVMHFQYTIYMAGFFRWLPRSAL,FALSE
DKECMWLICGEHWMKYAISDRKYSVGVIR,FALSE
LYMVADPNIWEERICRICMYAGRQQVREQ,FALSE
GTYVDPLGTTPNIFIDVDMWSGCEMRCDN,FALSE
GNIMLWRTEGAMQWAHTLPYQWIHAHKKN,FALSE
RIKPGAQFMIATHHQLQPVQNCCASQKTD,FALSE
EPLGIVSFSSVECRGKQWYFLDFMTAIDL,FALSE
WEMSYTCNGSMSFYWPHATSEAIDGKTRC,FALSE
MAKVYAICMQERSGSYHGRMQAVADIQHK,FALSE
DVPGKCMEELKYTKRTFFYCMDNPCTTWF,FALSE
EIIWTDREYQFRMEQFTVYASKMVCHDGN,FALSE
SAASEGPFPAEPFVQWVELEFHMWLQPPR,FALSE
LEIGEWCYKETTDWGCIHMVNCMKVERQR,FALSE
DTLDRNPTRQCRESRHQLRTWMLAEKHKE,FALSE
PHLAELIQAVTEMISVQMIMSDPGLLEGW,FALSE
YVFHYHYIIACAFNTEFSRHCMGWYAHGA,FALSE
ASSIYWWEHCAGYLGKGAMVDKVSHGPCI,FALSE
LRYPPCLAWSKIPKCCCGLLCQMRTTDAL,FALSE
YEPFLVFCQWLNNYCTPKWLTWAQFQLHY,FALSE
DKNCQKMCDWLSHDHNIMYHVNQHQCGLH,FALSE
QVTVKIPRHTREWAHCQSKDTDQDCRYLK,FALSE
CLRSRAISNDAIWRKHGACCQWHNMGLCF,FALSE
TFRWWWHISREERFHEQWAHFAYHAHRRV,FALSE
EWKSRIMRCPKFKHVYNGFGALMPFCVND,FALSE
LVCDWCFGTCNDNARPLCKMYLQAFYMMP,FALSE
SFRMMWRLCVMHCVWEADIILPHRNWGDW,FALSE
ILSARDIQVTSFDHPTIFKNNPVTRKLSP,FALSE
QAHGMFIENPVTGFVAFDQYWELVNSSNL,FALSE
HICMTCDVYCLTAGTFYTCMGESHIVWPN,FALSE
CNYITWTPMRHGWVGALPVIQDSFWKEIN,FALSE
VQMEKLCPPKGYNYWLGAPDGDKPSFSWT,FALSE
WNAYQNMFRVDTVQEFGPIVFDGWVQQDI,FALSE
EIWMYPSNDNWRAEVYSNLIENTWSFWDN,FALSE
TKLAYTFMLDRCWNMWHMPDIGVEHQWMD,FALSE
VALWCVQMRIFDQGCSGVSYFNWQRRELN,FALSE
NELAECLTDWMTRLTFTFSGIEDESCLIQ,FALSE
DGQPGAVGMGCTIVNHCNNWQCYYVSIRA,FALSE
QPWNISTGAIWERRRQEWNQLLPICDTCG,FALSE
AMYHPLPPPFRYWMAIMFMGWELGRRSVF,FALSE
CTRNPKAPKYARQMILDYQWVLSTWYLAH,FALSE
LPQDCHQMSFMPFCQKFQQHHWHAQFRQG,FALSE
YYCWCPFLGRLNDCKFNTDSLTICKDNRT,FALSE
IISWQRMATALKQPPSHARVTNSCSAWVI,FALSE
MQVSRAQFLSNTFFANEWKHCLTEAIRQH,FALSE
FYHQYSMGSCNKCQTAIMGDGEYFAPYDA,FALSE
KMWWLSKGPYDQAWHEQRIVDNWSCQNIY,FALSE
MFPALMGNKTNMIEFLTHSEAEEDIDQIN,FALSE
VDNLTTPTNHNMSMMEMDILVYNQDIGQF,FALSE
YARVWKPTDHACYALQQPRNGCAPHFVKC,FALSE
DRICSRTEEMQMNHNHEMRRCYCRCCQYG,FALSE
QQGWWWKAMYTLLVMGPNVMFVRKKRMQW,TRUE
VTVWWFVPYRYFQAERQVVGSFCWVGKCD,FALSE
IWLSLMDLTEADRFIWNKEWRTLMLRQWT,FALSE
NQGCDSMPVPANDLYEWGKAYCRQWPHSC,FALSE
HDIMPAYLMPPMNINHACTHFQFCQVHWS,FALSE
LQQPQQDQDQKYPQDPGDLDPLGIPTWLK,FALSE
AFDYIKFHQISTRTVEHWVGHVGCWEASE,FALSE
CHYGRDMEYRYAMDQRMVGHNALNTCAHD,FALSE
MRKMPWYFWCGYMVLDQRRTHHTDPPYYI,FALSE
TSQELTHIPREGEVNQPPLLGTTEYSGCM,FALSE
HFVWYCFTHVWEVKPPWLGKIHAMCGEKN,FALSE
HRVKYLEYIWSCHLPLFLGYSYYQMVAHL,FALSE
KRRNQTFCTCSDMVNDIREFVGFCNHSTC,FALSE
WHYMMDMSQSWQDDIQPPTMTHKRDQENA,FALSE
AFKWCHWYNENNKEYMTGRWPHPVPRFNT,FALSE
SVRIQDIARCCVACDMCIGKTMKSLFVCR,FALSE
LHGNHVFRLGIIKQTAVNLVRPDWKWIIV,FALSE
WNTRVRQHVEGWVMMSVPRGDNACWIMVG,FALSE
PGTIVHIEFIGVLYSHCRRDTHNEIAMSH,FALSE
APACIVMQEQLRNFTAIPSFDTGDWIQFA,FALSE
MKALEKWENEFQNKNIVCWTRWPYTYMTS,FALSE
MMDCMSMQALNVKDKEGSFIIAYSTVGYI,FALSE
GHNAFCCLPKFIQVCGEAPEEQAPKYYYP,FALSE
QHAWNQQMGIPEPIWLMMQNQDGVMEYLT,FALSE
THCVKHTWYMEQRFNNRISDFGMMPLENT,FALSE
YNDMHKRVKQDFMWAMIFLFNCSVTPVLT,TRUE
RIQEKFEIIGGPKEPENQMFHVWCYGGNK,FALSE
DTEMCCFTCTVVHHCHPANQHLHYYPRFC,FALSE
TFPRCCYLTAKNMQRMQYDELANPFPMGS,FALSE
RLDKGWFCRNKNCDTGAPPYNAVPFQYFP,FALSE
CVNGYKLQMMQMCLSQITTYFQHSKYTCC,FALSE
CELARPTQEHRNVHGLKMKKGYVIAAHQI,FALSE
FVIYFECCLRPWSCFMNQSNELDGYMGKD,FALSE
FHAHDTPVMIAIGDIDCQYHTNPPTRFIF,FALSE
ACWYSMHRLSRHPFTLKETHGTYASYFQC,FALSE
VKGHFEHAPFWVQKHINQIKWWFVNSIRR,FALSE
YRCRRWFANSGMEEGEPSKAMRKWNNWKS,FALSE
RKISQYSMQFDTKTDKIKPARCWETFESH,FALSE
ADHSGYNDASKLFAPWVKYCNKKMQATFM,FALSE
LRHWDQYLPIESYRLAPRNMKILSHLTCF,FALSE
RRGATKCKCSDGFKVLFKYEAMHDKFYLE,FALSE
EMMFEQMSHFWALNGAGTIDYYCYRVCLL,FALSE
PNLKPGIKARTKLETHEDTRQGSHQYISY,FALSE
LHQVQSEVDISIGFHHYNYPHDMLHTQYP,FALSE
LPVLTKKRPQNIGPIDFLRGWIHTMCINC,FALSE
CVGYHIQYYPHYIWESCKEPIKAISCIHI,FALSE
QPLMCEFDKYQDHLAEISPYPYGKKEHGW,FALSE
FKLGYQRKYWHVSICEWRQGPWSGPCHQC,FALSE
IGDTGEPAYVMASWRSKPQNEDNKKYFNP,FALSE
FGHLEIHPVSRQAKNDTLPSWPDLVMNRC,FALSE
DALVHRCTPHIKIGLRWSMIGECPPKISH,FALSE
CQSQLCKAFETNKEVCLRQYFVEKLHLNW,FALSE
GKHAEACWDVLCHFVWLRFMEAGWEACTR,FALSE
GRIQFMPDSRKWTAWQCQAHDRMTAGNTV,FALSE
CKITKYWTNPMICGVVFPITCHVTHSTQP,FALSE
HYCKAGVVYTGPPFHMLCMMRFLSWPNHS,FALSE
TQHELMTCTFIEVEVVNRVRCQLIGQPRY,FALSE
NDNGWCQVAFEAHCHRHNRWGMFNWQGLN,FALSE
VLRYHFPKYSQYAQPVINGDIGYVHMHKL,FALSE
DQTWWNDHHMNFGRYMWPMDETYSMTGHW,FALSE
DFKISVYHCMALKYGILEMNIICAMYIED,FALSE
RQCHVFSFYGKSHMKRFYDCWHVEEPPMA,FALSE
DASAPTCCKQTAWTWFRKRYMNPRHKACT,FALSE
FPCHWCFIVKWPGRFRWEFIPHEMMFSLH,FALSE
DLTQIYQIPLFFCFSYHGCNYKRAQWAHC,FALSE
PNYGACGWDQFGKATRKQRFHMPEEQEIF,FALSE
SMRYTEAMYNRPDRQAYGKMGDKRDRRVH,FALSE
WQRFSIFGYDNMHVMYATNAMQPAKHNAI,FALSE
QSFLETCEPPTICKDCLPEMRFHDGEMCQ,FALSE
ISGFISYAPCKLAYVRWIASGALVHCWTR,FALSE
EQPRVRFDFNGFKEQDYIINHNSKHDFTC,FALSE
SVIDGLTRHVQKLWPPECEHARNVGRLGY,FALSE
DTFCYYCAAIMWTIQNPWDWKCTTNFSEM,FALSE
PYPGEQQYLWNHIGKLTLKKCGEHPIPSS,FALSE
TSQWLKVAHKHSHWACLCTWHFSDTSLVV,FALSE
YKYYTEFRWCGFTGGFYNRPEKEAGYEPQ,FALSE
MYGGHARCRNPSSTMGICSCETSKYHLPA,FALSE
HKMDQDAAPSPMCQVFHTFWQACHSNFAE,FALSE
RAGDSTNMDHAVCGNVTVRAKHFNRGCSS,FALSE
DRKFCRMWSDCNVLPPGVPDMVQQQGIIP,FALSE
CMRKHTHFIFTKTLNKGFGAVVDCFSDTG,FALSE
NERDHTENRCIWQRKAMNAIETDIWCLMV,FALSE
VEGFTCMQRSLERYTEWQYWQWSELADFC,FALSE
IFGQNICAITKVYIGHFEFVMFIPLHPIN,FALSE
TLPFCKRMRDYRNMSGCEACAAYDWQMDN,FALSE
WDEYCPQPDKLHDDPCDKQRRQQVVRFNN,FALSE
PYRHIRIWDQQCIQSIQKFDCATLFIQQT,FALSE
PGSMICGLRIQCPFNRKSDVVANTCHMLH,FALSE
NWAPMYTGLIWRANHGVEVDYCEYWISMI,FALSE
IWYNIACECLYTPPARKYYYFTIMRIWYW,FALSE
EPNPSRENPGGIQDNILEHCLEIANAEDC,FALSE
WHKLVPTNWHCKTICHFEWMNGVMHPPDK,FALSE
PPMKYSKTTCRYYFEQIMYYVRTETGGGK,FALSE
NVFWAWVLMDWIFYNCRTGKAHSSKMYEA,FALSE
QGRENEDPCLNTKENCCPQSCSCESPKRC,FALSE
KTNCYETGMQHIKTIWQEPYDPDCKLRES,FALSE
FTTVHTIGKQGVGFCHDDVPCAVHNEGDY,FALSE
WMDAWLEVCRPYLVDKFGHASCGFAWKDD,FALSE
MLPWWVRVKHDHETGVLRDSKQGDDSTPN,FALSE
RINPPWRYKYMGIHEDHLIVTLKKCDMPA,FALSE
PIERFVVPRQVFSFYSIGSAAQGMKCAET,FALSE
PYPIMDMFEKGCNLPHNQNVDLWTCCDWI,FALSE
RYDRRKPWTSHQEGKYREGEPWSMHFSMD,FALSE
CAQIFCSPVSRNLFEPKEYSIKAQLENGA,FALSE
YLELKILGQRQGTLLFHSTNKASYEWIMA,FALSE
EAAYCLEWMRWELPATTASEPMQLILHAG,FALSE
GGRWAWNQLQHRPVNDMCFDFGWENTQYW,FALSE
SNMMGKFIPKECNNKQCVRYACPCHPCIP,FALSE
GNIEGWQEKRWNECLNWYVIPFGNKDDFD,FALSE
VLELCGMRGTGMQPIIFTDVLPPYRPIYH,FALSE
LAAQYECAFGSATPNSYMPGDKMPIPKIK,FALSE
NMDGKCHHDRPCPNCGFCMSDVDGPMELR,FALSE
VYAIEVTEPPEWAHDPCSRIESYYKICEP,FALSE
KFASWASEYSICFIVCQMDAVDIGCPPIC,FALSE
NQPLTWPKPKWTYLLASMLNGIWMPMRNL,FALSE
WMFTWSAIWPKWDQRNKKILHPTEMLDHC,FALSE
HWKWKGIDVSEGNKATFARCKRLDTLGRY,FALSE
QNMTYTRVNWISLQVDPNSAQDWRHQLEY,FALSE
TLTCPSKAKQMCIIMKRSKNVAQRNAQPM,FALSE
FGYCLGQPIHCSLWAEFPMDGQYCKNLIL,FALSE
WGKTGYHYELLYDLCFSTMIICAHPCKSI,FALSE
ASGEFRPHQYYTPHCLQWWRLCQYDGYIK,FALSE
THLKGIASMLAHMRSIDRWWKYQDYDRQH,FALSE
SKYDTEWNTSCAVFVPGGKRSVDEPAHTP,FALSE
QCFQMRQFTNDQPYKMKEDSHKDPKQCCL,FALSE
IEMGRALGQAKMLPIPRSHYSCRKQNPMC,FALSE
DYKLPGDIPNSQCGPHEWADFAYDEHFDI,FALSE
WCHTGTRQRRIKCEVGQRADPYANTSHAH,FALSE
MFMNHRGGHKTTQMNVTKNSRMPDIDHKQ,FALSE
NYVLICSYPQNGTLCRVGKCAYFNRQVEC,FALSE
CKDKESKDCNSRADTKNDSIYFDPNDIKN,FALSE
CSICNNLHSDQMKQPRDDANDHNYVWVGH,FALSE
WQDIVEVPCPWGRHTNCPEIRNDAERGGT,FALSE
SDKMKPDNFEEFYTCMMKYHDESDCRIDI,FALSE
WEHHPQHAIHWKFVWFEALHRGEAKRDLT,FALSE
DDEDKSNCRRRSHRPRFSLGVESQLNRPE,FALSE
NGGHARIYCVWGHSFENHACVCVNYTWLQ,FALSE
RDGESIKNGLDTYALLRANYIFPVSSDDF,FALSE
YQPFMKDLIPVNEHGLHTSQFQSLGVDNY,FALSE
GTWSRVSMCHATYWWNEKHYAQMCQGAGF,FALSE
RWWFASYYCMQMMHERGVNWLLDDHWNIF,FALSE
GYFMSPVGIKHTVANCGCPKTNNYSPKHS,FALSE
MMMSRLENIELTYNVQWEQIIVIEDKFLW,FALSE
AGFCRQNNALMGDTAIADRDCRQNCGIQI,FALSE
RPDCAHFKRLWNKGVEGHFKQQWWKNYNT,FALSE
NDRHTTITNLERLISFNFQYCIQEAMYTW,FALSE
GYHKIFECFLQFHVTRPLAAKEKGNQVSM,FALSE
QMHNFTQWHARWYEEEIWGRHKGWLAAGM,FALSE
AWNARSRKPHEFGDMMEETDNVNQAWHGA,FALSE
WAMLGPRVIYYYYYTEFANQQESMWPYRT,FALSE
VEGWDEIVLYMSMHQVCYQQILAKDIFQG,FALSE
ENTKWRCRRFYWHYLQCECPKWRAGVPGV,FALSE
REENPRTGTQCFNNCRMAQEPQAMFSDPA,FALSE
DKKNYTQTVHILTCRNCDLWTQVYMGASH,FALSE
YGSCHKSSGNWTTQLHCRSATGPYRGWLT,FALSE
NDAGHPHSNKDPEYFDWHIQSSEAHMDWQ,FALSE
LGCWAGWYVLPHVGFDPYWFQEYDPRNIE,FALSE
HQRYWRHYRFPHQLMPEQNDNMQCCSVLM,FALSE
VIPMDEGCKHQRFHFPHVNDMWLTWTWRG,FALSE
EGIRMASTKDFQFKWAVYLTCSPIGGSTV,FALSE
PSDDWEFDFHILSSRGLEAQQEQNEEQSH,FALSE
CADTDVGRQQNHVGPDWMFKGNMNMFVQC,FALSE
PHAQSHSMDTTCMASNIPPPSIEVFWYHY,FALSE
IFYYCTCCDGKFSGQPCTCLSFHRSIECD,FALSE
RWDAVVLWGAHDLGCNYPEWSGILRRHEI,FALSE
YCDHSYYCTNYEWICWYNCRVCWMAETHM,FALSE
CPVWFVKFMRIDASTYFTIWAWWKHFWLN,FALSE
RGSVGYLAQKWHAAWFRPDSMPICDDVVP,FALSE
PHLRVETPWAVAATWIHTNRHVYIECLCL,FALSE
GLNPFHEAPMTPHECNYQGEIECDCTSAF,FALSE
RMDVKCADKRRDFLEWCDMYPNQNPMWWP,FALSE
VLHYGRCHCFVTFFNVRIFVECEMSWCNI,FALSE
LFIYQLCYPIMHFNSWAHGMLEEYQNNSP,FALSE
AHVLASTMQEQAVDCCEQEDPVAEHDMRD,FALSE
VNKPTTQTDTPGPCVHPNKYPSMDKRRVS,FALSE
PPTRFLQGCYFDHMHFVRWDTWDADLIFE,FALSE
IQFMFHPFIKTNYRWVDDHVPRHYFDRDP,FALSE
GAKDQGAKDCYMARMDRSYWMIWPAIYNK,FALSE
PLFRYVRYDAYLMGHYYAIAWRDLHARVN,FALSE
EHQGNNWYRKANFWYDQLDAMNCITQVQN,FALSE
KTKPIGSLNKANVSRLLYNRHWQYARAWC,FALSE
GKRSCTFNVPEHHDEYFMNDPVFEDSMVR,FALSE
GWPLVWFGEEVNCPTTNHISNYIEHQKLY,FALSE
PRTSTIMGSDDAWNSTPDACTMGENMTKT,FALSE
VHELYYWMLIEPQPGMWMNAVQNTKHIVQ,FALSE
ASAGAQSAVQEFRRKSLECNWKFADAYYW,FALSE
PQYNWFEPATQTQNHKVRAHHPSLANKVR,FALSE
STKHHCGHMDWLEMTWKFEVGDTVDQWWT,FALSE
NNIFLYNCGKSWNVADIHLWRHKQMAMSK,FALSE
NSMNKTTTPSLTMITVAFHLTKRMYHLDC,FALSE
PKKCCMWCVHVEDNWHVHFGFHEFGCGRQ,FALSE
CFDTSPITCGAMEAPPWTSHFHFLQGMYP,FALSE
MAYQHHAVKNFYFHPRPHDCRIAPEMMDW,FALSE
EALQMPDDHTRYPSYSKFYQHSRCGVIMN,FALSE
DNHLESIRTEWPYPIPRNAELGQGIMAAD,FALSE
FALMANGAHKETAQYIKGRSNNKEDTAYY,FALSE
IIQCGSVEDMFTRIACMTYRCMGHQKLGI,FALSE
PKQVKYPHHWAGHDTMMTHSVLMQDYFGE,FALSE
GRACCDRKYCARNSSPEIHYNWKHHTHLE,FALSE
RSSIAKCPHCQHEHERSHRPGWEPFWYIC,FALSE
ERAEPQCWDEGKLKMISMYTGQIIKLFGW,FALSE
DTVIVAMTTTEWIQHIAGNSDPWNRFKYR,FALSE
TDTNRDTCLRPNFCKRWYQPNNSIEMGQD,FALSE
TVGNDADWSPLELDRQCCTQWIAYLAPWE,FALSE
RGQQHDNWVLGLVYDWVLVMAFFPCCDPY,FALSE
TWDVLIFRACGPMQPNPNDDYNKKYFVQY,FALSE
VPNHWPSFAICAWPISSIEFMNHGELLRR,FALSE
LMRQTNFHHHRETNPGWLRHIKLPHYPGG,FALSE
VSEMVGAPFMINQCSVYKQKVQERAVDQM,FALSE
PHWGPKPGGGPYMICLQPNYRGSWMTKCV,FALSE
PRQEVLHREMWKIWPAINFLCIDVTMVKP,FALSE
VKWDWMRNLGTWWTKKECLAIFDMDLTLK,FALSE
NMAKLPTWCIIHKHVPSSQKMVNFVQAIM,FALSE
ERVCDKMMTFSYDDVDYNNEPMPMLFVAL,FALSE
RKFTSNDHADPFVSINRVALYNHRHTKAH,FALSE
MWNISGDPIIVTHNAPYDKCNCHGYNKCW,FALSE
LRPSSFRSMMGIDKNSDEYKQYGPMFKIT,FALSE
SNIVMARVVDDLFYVQGHGRMMDWYYSTE,FALSE
CHGIWDQVLVLGPMAQDWYSAKLGLPVPD,FALSE
KPQFTRNDCYNCLFAEPGDMGDKLTSEMI,FALSE
EWYWDPHWFNLVTIGPMLPRLRNTCHLIQ,FALSE
HKACTMTPCNSVQRQCWNGGLMYRSACRW,FALSE
DVGVQCHYCFLFQTAGCNTMWRMSFDTFT,FALSE
GKQAAYGQHMWYWIRMNISMQCFNGDTYD,FALSE
AKSWECNPNNHIAQRPVMGYGFNQCKQIM,FALSE
FLRYDHLWTVNAGYLAWPLTEWNFIIFTD,FALSE
HTVPYECRHIVDPGIEYFESSKVHTFWSE,FALSE
WFWNPQGPWQQSRARWSGNTGVKNVSPHW,FALSE
FSQEKCQITLGSGNFIAETETDDFFWQIE,FALSE
RKMYHDQHCPEIKSVSIMEGQLTWMTPPL,FALSE
HHWWKDMEVILPNANHEPSKKRGIAAMTI,FALSE
DNIEVEWRMPEKIKDCMEAKFTAVWLPIT,FALSE
NKMVMHMFNGRVNTHWEWYATQMKLTSRK,FALSE
INWMAPWARIGDWKWVPKAIWGSGDPSRL,FALSE
RTSFSWGWGYEGHKQSATQSKNMQFPKYW,FALSE
GSTQEAIIKASEDPQPSDAIYAATLSLSF,FALSE
DCPDLIAWSFVYIGLQELEDYRASTHLMD,FALSE
YHCWACRFMFVFMYWGAANWKDSSKIDMG,FALSE
HKKYSEIWHMNFGPVILIVWIDAYSYMYP,TRUE
PYNVYPRHAPIRNCFDGPNYHDLYLCKVC,FALSE
WFQMMDIEKYVRCHQLYQFCANEHYRTVT,FALSE
YCKWGTDARMNTYWMFMDNGAHFTHTKMT,FALSE
SCPSWKIMWFNEQKFQNDGNNEPSRMFII,FALSE
EVHGGWDRKHEKGVYEYIIMCYEMEQAWH,FALSE
GYEFRNCAKVPCVHTEMHPWVNVFDQYNK,FALSE
MHVQPCMVLERQDMNTAHVSQQDNLYCDE,FALSE
DCSWHIDCINPGTMVSNKAYCIQKWDTSH,FALSE
TLKTCWTCNYLPYGRWQTHGTVCIVYFFG,FALSE
DQIMSFNELASMQAHCVVRNCGPITFDEG,FALSE
IPWNAIVRRRLWDITQGMKAEHTSWYFMF,FALSE
DMECWTAACAFFCTMDHKEIGCDALCAKS,FALSE
FHRQRPISGGVCNQALHWDPDQYISNGFG,FALSE
MIIGTWEPVLVHLCVRHEYNRDPHWWESI,FALSE
SEAHWVDLEVWDFCKHCKSTRNELQMWES,FALSE
CETFVIDHMQSSGQATDHREEHRWEHNPF,FALSE
KPHFTDLPMEDLWPIKSASFQWWYLAACF,FALSE
NQTHHIMRHEDMGGNLNLWWMIERSLTTM,FALSE
WGRRFWCQPCQGNMPASLCHSTMMRVDHC,FALSE
QTAVSFLDWKMEPPNSVNPHNYLKEDWGE,FALSE
YQATHGPNQAASNGETRVRSSINWQPQMS,FALSE
HKMEVEFRLFSIMFYYAKANVHNTTEVGG,FALSE
LGVRSQAMTLEKMPFQDDDQEEDCLSPVI,FALSE
PHRFEEKSGQMDAETWCNDCEDEQEHKRV,FALSE
LGCTHRVLRMHHQQGTHPETSTNDCKLNW,FALSE
MYTFWQTETQYEFMQDLDIPTINWGNRNI,FALSE
RQSLMGCQYNKWYFWGPHYLHENFIDVFP,FALSE
VCPDDLYGWNNFFGMWTLFMLKFLAYQKI,TRUE
FEFQYKIFFPIWGYGYQLWHMVGRLWMQV,FALSE
CPARYCWAAVKNCDENHEALTDGEYVVFD,FALSE
TLPKNKGERDRWMSTHMHFNCDSALIFVG,FALSE
NVNKTTSWPPTSRDCGWLMKAGWLTEPWR,FALSE
YTRVKKIFCEFFHEKMGFRDGRVCLTLGL,FALSE
ETEMDAIWITGSHHEQSKTCRNRTRLGAN,FALSE
NAGCCVRKPIPKDKHEDFWFALPHPCTTN,FALSE
CCECFVKLRCNAQCDAAITYRHSKHSTWC,FALSE
HTIRHSKTVWIRAFMTYGANGHVYDGYKP,FALSE
MQFMDTGLMYYYFWQPHLGDGPNAMNRDL,FALSE
IYHRGFGFDLPHVFKMILCWAQNCDLGRC,FALSE
LFEWLGSWSMYNKDMSSYARKPCFQIKSI,FALSE
HRLWDVWRKKPYAHFDPCHHATIWGCQQC,FALSE
VTGVEQMLIEFTDYGFDQKILINKYDINR,FALSE
DSTEVNIGYKIANDHSDDCTSGCETGHGS,FALSE
FGDLIRMPPFSKPHNHLCWFDSPLGPELQ,FALSE
PFEMPNSKNHYDDMNQMMNGKYDSSANDV,FALSE
NGGLVRPFMWGHLSQKILYIKVSCFESDP,FALSE
TLDWHPLSWLNNHPLPQPHSWLYCGSMPD,FALSE
YSWIMENCEMLYPPAIEEIIHNIWNATLR,FALSE
MVGCDIDANHKDKPIPEVYCDGILRVPII,FALSE
PSRAHSMTPTQPMPGFRFPVSYYEFKRCG,FALSE
KPYHNFSAVKLEQAGLKFFMNPWYQDCWA,FALSE
WCWTKMLQQCFSRIDQNMEYIALINVDDE,FALSE
HHIYYTANTSDWISANPESHMIWNWMNCT,FALSE
ESDHDWTYRFKEMFDLRYVIVAHRHVHAE,FALSE
QVKDEQKEYFAPGADMEPIQGLPDMLDAQ,FALSE
EGPQEHHDPCSQQAEADIYRPCCVIWYHM,FALSE
MTDDSEHYEMKMWARWMFCQVATFEFPLE,FALSE
SIWLSFTLGAFAVWFQHLSEKIKAQLIFG,FALSE
ISTADDPHCVDEDFMSPNKEGYAQSLPWS,FALSE
FPWHLCQQNEGTLHCQQRIWPYQNLYQIP,FALSE
LSDLAQFSEKRNPYFDDPSCMKFCNYDKK,FALSE
RKWQFFYDKRRIAQKEVSNLVMNAMPYQC,FALSE
CECDLSLHVVGFKIPSVIRDIPKTEWWPY,FALSE
YVCCEPISHDSRCCCCRYIDLSDGGRTCF,FALSE
PDKCCVYWKSFLLKVDLTSYNGAHGDFPK,FALSE
AYCLGPFHMKYMQVPKAWWLLTFFSSVVA,FALSE
LETDYHPMYNIEGMDQCSMETVYSMCLST,FALSE
KQLMRFYVMRYMPALMQDIVWNDHPNSDP,FALSE
YEKFWGNIMYLDYSSHTCRMIKWHCNTFK,FALSE
ILECVPKRWRHYEYEYNEEWEMWEWEMST,FALSE
IMHRPFKYAYGRVNTIEIFFQCAHVAWFC,FALSE
ETDKYDLHSSFSWRREWFKEVILDSKCYN,FALSE
SVSGNYKSEIWRESFELTRTEVHSTCSTY,FALSE
QNCKLARVFFMQTVAMNIDFTCKCTLRTC,FALSE
IKHQIGLWTWRDNDFSEDCHHFDKARAVA,FALSE
APTALTCWKEFHVWFTMNNSKWVGTGFHN,FALSE
EWCIQHAPFWVRVNHYPSTGEIEVDKSQQ,FALSE
SYQWDCASHSVIVQENYEFSNDKFKDYLQ,FALSE
NHEPNKVGWYHKQGMQEILQQLFKWSPPK,FALSE
THFEHTENGWCRQMCRLKPLMVHMMTMNG,FALSE
LWMHTCGKLVRPGFTRTFVSMWSSSDHSL,FALSE
ILHPSKQVDKKWKLKWYWCMSVCWRCFAM,FALSE
RVELQSTHWNLEFECFYRNDQNNISQMNG,FALSE
HHDQRMTTRDEDHHQFTFVNSPAPMTQPY,FALSE
SMVQMLRGAFSMYRMAAQCPDMDRALVQW,FALSE
VQAYEPGVCFHYQGTVQQENSSVTCRHFL,FALSE
WQPGCYNHKLEFFAVHKCQIMPREDPPFE,FALSE
YRCAESNVLADPGTARSHSKQEDRFVIKQ,FALSE
NAEEMPCMWNCTVNPDNSNDYSMKLPQWE,FALSE
DISRCDLTGMNIVVDECNKNDSQPPVNMS,FALSE
KFDLARYDQDWNYISDGEEECCKPMDYDQ,FALSE
VGTLAIEMARINNDATWVEDICQNSWSKS,FALSE
WFMPLRPKVGPCLLPLACVWHMSRGHVVR,FALSE
WVFSRVNLMEAEHAPHEIVFREHNASTPQ,FALSE
PEWLYCFHARVCAMPSLCMKMFKDTLIQW,FALSE
TSLITQINWWTHDQASPIFGEAGVVPSFA,FALSE
MQILVISMNGFMDAIACIIVKPDQCKHPQ,FALSE
SNKWSFNADETQLWYFLKWQYLEVGPMGN,FALSE
TCAMYMRADFIEHKCGELVTRYFHDQLTK,FALSE
FGAWVGQPRGYTLHIAGDHGAQGHGSNHY,FALSE
WRMLHAERGNWNFPLRLCSHFSRYPPWDG,FALSE
NHREFFYTDMNQDDYRHASTIVPCYPLWY,FALSE
GNCTCQDRGFMYNSFHYHPYWEGYWQEHH,FALSE
TQQCALIWLPQTMNGICDVGHTWSQRYVD,FALSE
NGHKFPWPLTWSQSMRESGRGRNCAAEHW,FALSE
AVNKDDYDHNQMYHLKHQLKEMMQKARSW,FALSE
ANGVQPCDNHSDCKCIIDFDKVWELPRSS,FALSE
TGCYDDIYDGMRERMVWFTDNNFYWDIYH,FALSE
NRHMMVCPNISIFVGFATKENDKSWYMHY,FALSE
GWRMVDPCQCHMKRASCKFLVLCTSNDKD,FALSE
KALPCRIQGLQHTDVEISGFQELTTVTNY,FALSE
VYEWPDWSFMAMTPSPGKGDPDCTFLIQY,FALSE
AWMIYRWADDWHRSQLRGEKNKKTCKPND,FALSE
MEKKVKHKPFTHGDNYNEEWGKPFVIVQG,FALSE
SPNWSFENRYKKYSWLCEMFNGKMSDYTF,FALSE
KGCHPHAPWYPLMGYHVPPTGKYNFNYSY,FALSE
ALRLYLFPATTWLTMIMITSEPFQRFREV,FALSE
NPLRTVFYWMVASIWPSPWSTDPSDHPHP,FALSE
TNDIVQNQVGTQMHKTRIEENHFCCTNPN,FALSE
NDCMWMPPPFYPEETSSKDQMKISMCCIF,FALSE
DGATNFRYYVVTGCSYAQKIHFHPNSTCG,FALSE
PQNTNTLYFMWVFWSTMYNCMFRHYIDDD,TRUE
EPCEDCWIVFAVYFLEFIMPMVTSGQEHL,FALSE
QHCMIRIDNLPDDIAMTKYCSVQPRDLHR,FALSE
MNCIWDNNLGYKFTAKYNVSAQEECIHAE,FALSE
QPEMTCFNYSCGFEWPVCHTPKSWASDFH,FALSE
HPTERYSGNMAERCFCDQFLRQQVDHYRM,FALSE
PWCQSRLHATLIYGTFENGSWNAIHWWVF,FALSE
CCRGVKNCECTHNSWFEGEKYLQMVTQSK,FALSE
MVGNFYHMPGSVVFDAVGCQPWQCPVRFM,FALSE
FQTTMLMASGVSQAAEEFLDLPKVQAPYM,FALSE
MGKYWHKCDSIELNVMRDHNRHFMCYQQM,FALSE
HTPHSKVFFLAMWMHVTYDMFRAIEHGGY,FALSE
WCWRKSNVYQHIYTVLRMCNWYQGEMTSG,FALSE
MNRDFWLFHGMKQKWVCFTSMKSYTTEVW,FALSE
NWCNHIFWVVYTTAKITYYNSYHIWRDKL,FALSE
NSDLQSVVLQRLKRTYSLESYHGYGECEW,FALSE
LKWAGPKRNHGAFALPIQCHTCVQCERCP,FALSE
PLLCLSDWEQKLIWWPMNRFCKGEYLDGH,FALSE
RHWTGHPCPFFMTQDRCLSDRLGMHILVN,FALSE
QWNMTCGEANLETISNEDCEDTNLIYGIH,FALSE
GRNNHLDQINEALWLGSRHDTIDQWMGFT,FALSE
QLWVFQRFQIMERKYPKSENAWPRMTRIA,FALSE
CQGDGIAYKYNDNHSKFHRIAMGCFAWNT,FALSE
CEYSNNINAVRAYPTANDPFKLEKFNHPS,FALSE
YFTKNRPCFDPTQVQPEQLVPSVSMYPVP,FALSE
WDAWGEQKDDIIVNMWFVRCNYCVQFRYN,FALSE
GKTKHYKDRGHAQKGSENTKMFVPFHDTS,FALSE
KGDYHGARSRGEGSQRDRIRENHNQLVLK,FALSE
MPRCDDEENILKGCTQVKHVGDSSFMEEW,FALSE
HPAKPASQTMYWPMEMEAWLSATKPVFFW,FALSE
VFFRYKGPYWWVPKFCTGHFYAASGELYP,FALSE
GSDASSEHADWWRIGQYIIDDGAMMEYCK,FALSE
EYTFVTMMKEASCEMYATGMKDTWKHYNS,FALSE
SIIDFFQDDNAFSAQVNNNCYKFVNCSQA,FALSE
RPPRHKSKQCTAWACWNALIFTARPSIFS,FALSE
EGHKPNFTEDPYNKVHIDHITAPHYCNDA,FALSE
MMYCVHWRTNYCCLGVCCLREFGNDEQWS,FALSE
WRCKQCHHKTWCKKHAPRSEMPPTKIWCV,FALSE
PVHNWIHDNDSKYCEIYHSYYVDGCSYGR,FALSE
GDLDMKAIARMVQNSMIDAHMVNFFEYQW,FALSE
CWEFYWVSPGYVAAKNKGFYDCWPLQNPN,FALSE
TLTADMAYYWTKYTDGAKDNYRFFTPTLY,FALSE
YGSNCALEWIIMRYTRKMTSCQVLETGPT,FALSE
KCHSEKPGMLAQEEHHYAVHHVKRQHTEC,FALSE
CSHAKEKCGYEMKGQCHVNLDDVYNIWKF,FALSE
NVINPQQQSTSAQDYVRAQGSRRSGLMNT,FALSE
FLQIEACDINDPFHMKNDATELMQQSQSQ,FALSE
FCDNQHNKPDWVRFDIPHMKQFIHTMPEQ,FALSE
AENVMAQNYSPGCVDKKRIAQQNCTEVIE,FALSE
EQFQHGWDEIFFQQGFLHEGRDGYCCKHD,FALSE
HCSWHNVYQNFHEWDRCNLCANKGWIPPA,FALSE
TDWQQSTPYCKFVPYVDQFPRRTKYNWLM,FALSE
IRAFWMTSDRQNDDDIQPPSVVQIWPSVK,FALSE
EVEVIKLVTAKRKCNKKIVWRHQQWKENN,FALSE
PTITGYRSGSIYKTRWLMKGEKHECANCW,FALSE
MARRNTHWCMRTMNAREIVCTVKFHIFEA,FALSE
RGMRSVMILSMVLDSVPMDESDPRTIHMQ,FALSE
MGLPCRKANMIVNYFQQCCVPYEHMPMNN,FALSE
GAATKFCRHNADVYHGPDRVTAIDVVIAS,FALSE
PGLTFGITPYTQCPKWICWQFKGQTLPVW,FALSE
QNVYPGVKRGWHINVQWDCWQVLAAMHQS,FALSE
WAEKTIVHIGGDGIYECHMKGTEHNYKHI,FALSE
INSPWCWRQYEYASPADQREVNWVFHSHS,FALSE
KNNNIPHTPHQSRRHAGLTGIIYQTQHGM,FALSE
RAQGFTYGMMEQQPNRGMSSLAICWACNF,FALSE
CYKKIKHCNGWAIVCGDKTKYSSWYIAAV,FALSE
RWNGRPTIDLWHAMKLRGNSLRSYSCSND,FALSE
EYKMLHTSKITREPTTWAESSLFHCGMVT,FALSE
TFIRMLMDWIVDMYREGHTYFLGAYGFIF,FALSE
TDYYQKTVVRDYILRGTEGHEEMLLILQV,FALSE
RYNACHHDVIHRIVTIDKERPQWCQRYSY,FALSE
CRYIPSGMDAEQKWYARDASPPRALVMHG,FALSE
HKEEQHETPFNVEWENAIAAYECSWLFRP,FALSE
RQHHKPVENELGCHITRAHDNFKHLCPEH,FALSE
VWKPARHEIYNLDAYYPCHTFPDNHTCVV,FALSE
MKEVMRPASPGLMTAWNIIVTHTTKQPPW,FALSE
CIVGRGGLAYKVGQHEVDNFQNDKTYLGT,FALSE
NFCIHQVCDHQDHLQDWPEYLDEENRALG,FALSE
ALEYMVCIKKAFFAWNSPVNDPRRRIRPP,FALSE
CTGFREEDVIEAKCPWQTYDHHREPLCST,FALSE
APVLFHIGVTKNPIFCQFLKTKPDWALTR,FALSE
EMLKHFYCWPPKRETSCDLMEPVRKVMEF,FALSE
PSTKLYNWLYTKFEQSYCTLSVTSAILFF,FALSE
IEDYWKATRQMYWILLWVELVTYAKVYLH,TRUE
KTPPWTGSADVKDHMPIVNDEGCMVMPFD,FALSE
TWRSACLQFTTEMAKIHRHLHIVPWLFIY,FALSE
EHELHKDQLLEEKQHYRADVDSNGDPAPY,FALSE
MRMSYMRGAQHGRGCIKTRIKPAKRHWEP,FALSE
HDFMHWFYERCVINPWCTMDLWCCHPSHH,FALSE
WFANHGMKWTNYEHGCHFRMQHIQTTEGT,FALSE
TDRIIFGGARLNDHRYHHWKDVVSHAKHN,FALSE
GVQEWFIHNSEYYNTHSWTWTWYSKYTII,FALSE
VFLTERDNPCGPIRTLYYANATPYRCYFQ,FALSE
LQVWTNKEWFHTWPQLNVDEHDCCTRVQP,FALSE
DFLNGENGEMFCDTTLQNPKFIMRGDKEN,FALSE
EQDVVPQCTNPFEKMQRVVTELPRWGDCD,FALSE
DNNAWPRSFAPCEGYPVEDLERCKQAVHV,FALSE
EKVEWHSGDPHCIESVHLRCFEMGDKSFY,FALSE
APGWRSFPCDTQQRLVPAYVHGPEATFDN,FALSE
STNWTFRFWLWREGQMTGMSISRHNMEEN,FALSE
HAMNNAWPTPFLGNVHFHAAFNTMYTIYF,FALSE
QTKCGMQAKTWLLHHFSGIEDWCHMAHDS,FALSE
HYEAIWPSLTIHWVRPHTWKEHCEEPVIT,FALSE
NCHWIYCPADGDQMHFYADVIGTRRLHWV,FALSE
SYSTANRHLLESHKHYKIAVQQPGEVYNR,FALSE
LNTYNGEFYAWDFVTWSRREYMVWFGAQR,FALSE
QHPEMSFFAHFCVVFGMEQIDMRPREVVH,FALSE
RSMYFEKPHKWKFMDRGSNPQLCSSWTRG,FALSE
PIDMIVANKMEDLKQMIQAVVIVIHDRGE,FALSE
MKFANGKFSMVHPDMHDYETTYQQMGAAY,FALSE
KGCEEPTTVFATNDTGHQWKDTKNYHVEW,FALSE
VSGKVHNNKQGVRREAGQSEEHPAPRGYY,FALSE
MIADRRWRSVHKYFSVKFLQRIIQKSHWS,FALSE
TFPDEKWFVRDCLVVAQISEIGYLYQLCH,FALSE
LIDKQRHNQVGCLMWYKEPQTYNLQASGL,FALSE
SHCVAMQNLKYIMIISDVTLEWSTIYIQI,FALSE
EDWYFYQPFGNNDPKVVDFCHTPEISPRV,FALSE
PDTGCNDLTLRFIMYGLPEGLRRGVHIMT,FALSE
HTAECGPYPGSYPDLVAERTSAIDWIFKL,FALSE
GQRTIKNSQFIAITDKGCGYMGVWWCHWS,FALSE
NWCRNGRKCDVIKYYDPGQHFDYFPNPVD,FALSE
RNNWNDVLMNNFPDYVFEISPRITIDHHL,FALSE
FNRKPEQDHQHKMYLFLKIVGHCLWWFKI,FALSE
YGQYWEWNLFTHMMYAEMMARASVMLLQV,FALSE
ATPCVMGQKFAARTTVHCELNACAPRGFD,FALSE
WWCPIWLVLHPSFEYENVYHAIDIHQAHH,FALSE
AKSLMRSMGPRQATLFQQFPGYHNLMFMF,FALSE
FVDDSGLCNELLVLINPRGTFTLRNQKGH,FALSE
YDSSKPLRPCSATIPDQDDIYKIAHRLCE,FALSE
MTVIMCHGYIHGPDWPLRHLAVANSKDQG,FALSE
EHVIFWAMSGLAFNGWHMTIRIGWDNFER,FALSE
CKHWKQRADHHVGEVWLYYKMVPAWFAAY,FALSE
RGTNHIQGWMALCYSQREYIRQWPEQEDN,FALSE
LRNANMQPSWRFLKNNRMWNHSRCDYAWM,FALSE
WMPTCSVYRPIRPEVINCNSIEMGHHRDT,FALSE
SICMWMDWMKPYYQDICMFMMPSDYSILA,FALSE
WSHQDEPLGRTERVRMNKIRMCPPISLES,FALSE
YEMYFRLYGMNPNMGPSLIMILEPEVHIF,FALSE
ESCQRHNSPGIRPVVLSIPPGWWRQICKN,FALSE
YRNCTITEATAAIIDEYGDNCQWNDASTH,FALSE
MGLAKQQQSEWGQQCVLARGHHDERNVSQ,FALSE
ADDPHGKQRHEGKAREECLICQSFFYNFL,FALSE
CGTHNLDTLCQFLVTPTHAENVQMATANE,FALSE
DSSYIENLLEVCHRTRPITGCALQPAWGK,FALSE
FCLNVKSEDATYHIMGMLWEELWTVVMQY,FALSE
ERQQWKGYPGQLHYMSIRTLKLDLTCTDR,FALSE
TVDWRFVHCFLHKITQEWCEEYYRKKGQQ,FALSE
WTKMCQRTCDHLDLTIWLIAVEKHRREAA,FALSE
QFPFHDLPLMFSTSFNFVLTQKERQSFCC,FALSE
KTFGKYFQKCDFARGKVCQCDYSPTGFHC,FALSE
RKLTYRDPAKWMTEDFWMRKVCDIKTVWI,FALSE
DWRLMSALWKQMSVGHEINEKFGWPYHNA,FALSE
KHMVAFWHSNSEMMKIGFDPRCHAYPCIR,FALSE
KTTHENCFWGSEAKDLQDSTRGWVSSFHI,FALSE
QAGKCDGTQMPAQLPNSHCPKKPGRIKHC,FALSE
TVFLYGTDFERNNYQSENMCWYAMTLSAS,FALSE
KHWGLTVGHENCCIPAECRVVHSVHQWAM,FALSE
DPHMFYWQQFNPTASYEFYLTFPSHGSST,FALSE
RMGDSRRYNAPGVRTFWMHWRTECKKRQY,FALSE
CQICQDHQKASWERLWLQQQPDWKFPHIW,FALSE
CVWALFDLYQQDVSIEGNQPTIQRWSRPE,FALSE
HQGTLERDGESFRMQNCIPSNPRYHRYAT,FALSE
ISSFGSAIDALTWNWPGKCMHYHHCTHSG,FALSE
TQYYYKRFYDRASTKDNNKREVGGAMQIP,FALSE
WFWQNQMIRPWRSNWWHIGMTNCSHQWCW,FALSE
GTVQIGDQPTAYVAMDCGCEVVWQIWYFS,FALSE
YKDTCRRVLGASWWWNAMKHWFTTSLDEN,FALSE
EPQQKHGMIHFGLEDIRIYYWWIAVSPIC,FALSE
QEKVVDWLPWYTQLSYDKEFQDSRGIESR,FALSE
FRSIAGRYQDGSPPFNWELYGTIFIRDHC,FALSE
RHSIFTQADWELECPKPKYFNLPPTYTHC,FALSE
DYSYNYYLKSYMIFDCAWCLRTGEFFFWK,FALSE
DAISLVSALAGYISLTWCAHSRCMMIHED,FALSE
CGVHYGAQDGCKKVWWPNKIVGSEASANK,FALSE
HPHLCYAAAGILITMHDEILWLGKFDCTC,FALSE
YKGVQEQANLPDFQMLFLPTRRVYMSHWH,FALSE
EMRSDAREYGTTYSKPNRVHGTVEGIVRN,FALSE
GQTDLICDSTGWFDEMIEHEHSSEWWFEH,FALSE
GFRICDCARNKMHYEKDQDDQECNEMYDW,FALSE
HFTHQCLIFPASGFLYGWVRTGAAFDQKM,FALSE
LAQHYRKGSTWVFSQKHQMKVCFMNQINT,FALSE
WLSHKGHYHGSECIKDVRNANGSPFVNLC,FALSE
TTHRYLNQDQVDMLMPINTEEDHEFRHIM,FALSE
HLTFKDSCSCDVEEIALWNKIAHKEDIER,FALSE
LNYDTMMIEQHFLWICWDCYALRHNIDVF,FALSE
AERNLIHIFLWSKLNIFMKEPEQSCYIDE,FALSE
QATWEQECVIKVWRNFVMMIMAALQMVPF,FALSE
TRRSTIQESRTNLGTIPALSHLASSGPNT,FALSE
KNRYIFTLQAKDSEHLWNGYDHRFEAEEC,FALSE
DNDCHFSHLNEFIGFDYSCHMQDIMHHDH,FALSE
HGAHAAGLTMMYVRYELKYNVAWFQSQSV,FALSE
CNIHMPEMVCHNYSPFDQSPKSNANGDVT,FALSE
CDNSLFWHLPYDDLPTGWLMGWMRKAPDT,FALSE
LDCMCTYLCKCTTQTDGIGYAPNIHDYPI,FALSE
LHQLMWNSKACCMEADTVQHITLQFQLPY,FALSE
VPVYKYIGPFIFDCQVLTSSAASDVTNRP,FALSE
QEQTIQKNLKWALRGLAPHCRSWDECWTP,FALSE
IFLSGEYWLRVLAISSGTTRELCRLIPRN,FALSE
NGFETSNEFALKYVWSGAKHHVQGKVFGF,FALSE
PMMAQLRYMQLCCLEDQPCPANCGITEWS,FALSE
CVFANYNVAEYVLLGAWYAVRGYVPWMPC,FALSE
KTDGFSADVPFMPPCGQGQMPPQACAPRI,FALSE
MQNTPEFQPYAWILHSCKAECRGRPYGRL,FALSE
SSLIFCQVWTDSGRDDYGKHRCSAFTCMW,FALSE
SQLMKTAVSFSTGRAMIGSHLLHRHWGSL,FALSE
KKGCFGPAYNKAEMRKTWGWMDRMNEIDF,FALSE
GSLREYYHCPEFCRYTQQQQKETDPFFQN,FALSE
QDKMIFPWCIMPLFNPHSTQELGHIGGMS,FALSE
PALFQTQLGMDTRPGKFRHFTFTVSASIR,FALSE
WVAFTWTCCHYWMCYDGIWYALKVIAVYA,FALSE
EAPCWHMFWWREPWQTETDDDCDDNHRIL,FALSE
MFANTGEDENMDMGEKDQLLLCQGGEDDP,FALSE
IEFGIHLASFLLCAWDHHARYWAQRPSWT,FALSE
NNMYIEVTRVIYKPLHSVPSHWYEFPQIW,FALSE
QKPEGPCAWDYNEFRNSYYAGQYESYHFA,FALSE
EAIWSRFAYNVSDDPLYSDEMKGMTYEAY,FALSE
QQWLAYSGDFYMWWASWQREMWNHGTQTG,FALSE
TVDETFFSRQRCIRYIHWSLKMNQPPPSH,FALSE
EDPKNAVQMGCHHRYEEILVHSKEQREQL,FALSE
KATLTMDRQEQEPTNPPNYPQNQKKKPFI,FALSE
PGCANPGIASTTDEVTWGINGNHPWHPTG,FALSE
HMGKSARSMEFMAQKYPWGCAWFPMLLEI,FALSE
IFTSFMWHRNPFEIMPHEVHHCEFIQKKY,FALSE
MSEPCQIYESQNLLQYVHHWEKRYRTAAH,FALSE
DKCSAHQLFESLCKNCTNWSTWCMRKLHM,FALSE
NDNHTTCGWKRLIAFYEWGHQSHADECIL,FALSE
LNNLLRWKLGNSNCLHNFYWITQFGMSDR,FALSE
GCYYQETTKEDGRTLMDGPEEPGLDWNPP,FALSE
TMYNTFDKYTYAGPLRFPGFNRDWLDIVF,FALSE
EVLLCNERSFWQALYICWTREKYACFTPN,FALSE
QWSFYNGKENSEEKCHHEHGKPHNIHPLA,FALSE
YCFTREFALKSYIRYSCWHVVAHVEWPRM,FALSE
PHQAIDCYVQVDNCGYFCCCMVDYEAIWT,FALSE
RAMLHCNKWMKFWCDKNECEISHWKDTIH,FALSE
LMKPYRMLWPKVFVIELKTWNPHHCLWDP,FALSE
RENNPLACRNEWVVQYRMLGGGQVMTETF,FALSE
YSERMDFFEQGGPLGVENHIQPNLGEWGE,FALSE
NAVNIKHTHFIGMIHEGTCYCDLMVDSLF,FALSE
SMWRGKGCVINQSRTLIHGNFMEEAVTPM,FALSE
RGNFVPQTKDMFVMDSHIHWDKCCSMYPG,FALSE
FCKYFRWSVAWFLHGYVWRLVNWLQTLQL,FALSE
PCVIFQLRKTINRSSIFHVFAKSVFQGRE,FALSE
NWPQTAVAEHIKFEKASEGPLKIVMHIDM,FALSE
GCFCVHPFNETQSIRTWYGVDAKCLKVFE,FALSE
DFHVMEIHCPRHFYTYLCAAGYYVFNAYI,FALSE
LFVIIKNIAVMFTMQQDESYCPWTAIEED,FALSE
YTIAHYVGKVNVKGQMCENLYTIEYSIID,FALSE
GSRFEFYPSRNPRVGGTQPWRDLHCKSGY,FALSE
EVAICCMRIQGAKDYSDCVREFFFKWNSL,FALSE
